
INSERT INTO `moment`.`tb_mmt_menu` (`MENU_ID`, `SYSTEM_CODE`, `DEPTH`, `SEQ`, `MENU_NAME`, `CREATE_ID`, `CREATE_YMD`, `CREATE_TMS`) VALUES ('DASH', 'ADMIN', '1', '1', 'Dash Board', 'SUPER', '20160603', '134911');
INSERT INTO `moment`.`tb_mmt_menu` (`MENU_ID`, `SYSTEM_CODE`, `DEPTH`, `SEQ`, `PARENT_MENU_ID`, `MENU_NAME`, `CREATE_ID`, `CREATE_YMD`, `CREATE_TMS`) VALUES ('DASH_TOTAL', 'ADMIN', '2', '1', 'DASH', 'Dash Board', 'SUPER', '20160603', '134911');
INSERT INTO `moment`.`tb_mmt_menu` (`MENU_ID`, `SYSTEM_CODE`, `DEPTH`, `SEQ`, `PARENT_MENU_ID`, `MENU_NAME`, `CREATE_ID`, `CREATE_YMD`, `CREATE_TMS`) VALUES ('DASH_DAILY', 'ADMIN', '2', '2', 'DASH', '일별 Dash Board', 'SUPER', '20160603', '134911');
INSERT INTO `moment`.`tb_mmt_menu` (`MENU_ID`, `SYSTEM_CODE`, `DEPTH`, `SEQ`, `PARENT_MENU_ID`, `MENU_NAME`, `CREATE_ID`, `CREATE_YMD`, `CREATE_TMS`) VALUES ('DASH_ONOFF', 'ADMIN', '2', '3', 'DASH', 'ON/OFF Dash Borad', 'SUPER', '20160603', '134911');
INSERT INTO `moment`.`tb_mmt_menu` (`MENU_ID`, `SYSTEM_CODE`, `DEPTH`, `SEQ`, `MENU_NAME`, `CREATE_ID`, `CREATE_YMD`, `CREATE_TMS`) VALUES ('CMPGN', 'ADMIN', '1', '2', 'Campaign', 'SUPER', '20160603', '134911');
INSERT INTO `moment`.`tb_mmt_menu` (`MENU_ID`, `SYSTEM_CODE`, `DEPTH`, `SEQ`, `PARENT_MENU_ID`, `MENU_NAME`, `CREATE_ID`, `CREATE_YMD`, `CREATE_TMS`) VALUES ('CMPGN_MGMT', 'ADMIN', '2', '1', 'CMPGN', 'Campaign 관리', 'SUPER', '20160603', '134911');
INSERT INTO `moment`.`tb_mmt_menu` (`MENU_ID`, `SYSTEM_CODE`, `DEPTH`, `SEQ`, `MENU_NAME`, `CREATE_ID`, `CREATE_YMD`, `CREATE_TMS`) VALUES ('RWD', 'ADMIN', '1', '3', 'Reward', 'SUPER', '20160603', '134911');
INSERT INTO `moment`.`tb_mmt_menu` (`MENU_ID`, `SYSTEM_CODE`, `DEPTH`, `SEQ`, `PARENT_MENU_ID`, `MENU_NAME`, `CREATE_ID`, `CREATE_YMD`, `CREATE_TMS`) VALUES ('RWD_MGMT', 'ADMIN', '2', '1', 'RWD', 'Reward 관리', 'SUPER', '20160603', '134911');
INSERT INTO `moment`.`tb_mmt_menu` (`MENU_ID`, `SYSTEM_CODE`, `DEPTH`, `SEQ`, `MENU_NAME`, `CREATE_ID`, `CREATE_YMD`, `CREATE_TMS`) VALUES ('PKG', 'ADMIN', '1', '4', 'Package', 'SUPER', '20160603', '134911');
INSERT INTO `moment`.`tb_mmt_menu` (`MENU_ID`, `SYSTEM_CODE`, `DEPTH`, `SEQ`, `PARENT_MENU_ID`, `MENU_NAME`, `CREATE_ID`, `CREATE_YMD`, `CREATE_TMS`) VALUES ('PKG_MGMT', 'ADMIN', '2', '1', 'PKG', 'Package 관리', 'SUPER', '20160603', '134911');
INSERT INTO `moment`.`tb_mmt_menu` (`MENU_ID`, `SYSTEM_CODE`, `DEPTH`, `SEQ`, `MENU_NAME`, `CREATE_ID`, `CREATE_YMD`, `CREATE_TMS`) VALUES ('TARGET', 'ADMIN', '1', '5', '목표관리', 'SUPER', '20160603', '134911');
INSERT INTO `moment`.`tb_mmt_menu` (`MENU_ID`, `SYSTEM_CODE`, `DEPTH`, `SEQ`, `PARENT_MENU_ID`, `MENU_NAME`, `CREATE_ID`, `CREATE_YMD`, `CREATE_TMS`) VALUES ('TARGET_DAILY', 'ADMIN', '2', '1', 'TARGET', '일별 목표관리', 'SUPER', '20160603', '134911');
INSERT INTO `moment`.`tb_mmt_menu` (`MENU_ID`, `SYSTEM_CODE`, `DEPTH`, `SEQ`, `MENU_NAME`, `CREATE_ID`, `CREATE_YMD`, `CREATE_TMS`) VALUES ('APP', 'ADMIN', '1', '6', 'App', 'SUPER', '20160603', '134911');
INSERT INTO `moment`.`tb_mmt_menu` (`MENU_ID`, `SYSTEM_CODE`, `DEPTH`, `SEQ`, `PARENT_MENU_ID`, `MENU_NAME`, `CREATE_ID`, `CREATE_YMD`, `CREATE_TMS`) VALUES ('APP_MGMT', 'ADMIN', '2', '1', 'APP', 'App 관리', 'SUPER', '20160603', '134911');
INSERT INTO `moment`.`tb_mmt_menu` (`MENU_ID`, `SYSTEM_CODE`, `DEPTH`, `SEQ`, `PARENT_MENU_ID`, `MENU_NAME`, `CREATE_ID`, `CREATE_YMD`, `CREATE_TMS`) VALUES ('APP_STATS', 'ADMIN', '2', '2', 'APP', 'App 통계', 'SUPER', '20160603', '134911');
INSERT INTO `moment`.`tb_mmt_menu` (`MENU_ID`, `SYSTEM_CODE`, `DEPTH`, `SEQ`, `PARENT_MENU_ID`, `MENU_NAME`, `CREATE_ID`, `CREATE_YMD`, `CREATE_TMS`) VALUES ('APP_SDK', 'ADMIN', '2', '3', 'APP', 'SDK 버전관리', 'SUPER', '20160603', '134911');
INSERT INTO `moment`.`tb_mmt_menu` (`MENU_ID`, `SYSTEM_CODE`, `DEPTH`, `SEQ`, `MENU_NAME`, `CREATE_ID`, `CREATE_YMD`, `CREATE_TMS`) VALUES ('POLICY', 'ADMIN', '1', '7', 'Reward 지급정책', 'SUPER', '20160603', '134911');
INSERT INTO `moment`.`tb_mmt_menu` (`MENU_ID`, `SYSTEM_CODE`, `DEPTH`, `SEQ`, `PARENT_MENU_ID`, `MENU_NAME`, `CREATE_ID`, `CREATE_YMD`, `CREATE_TMS`) VALUES ('POLICY_RWD', 'ADMIN', '2', '1', 'POLICY', 'Reward 지급정책', 'SUPER', '20160603', '134911');
INSERT INTO `moment`.`tb_mmt_menu` (`MENU_ID`, `SYSTEM_CODE`, `DEPTH`, `SEQ`, `MENU_NAME`, `CREATE_ID`, `CREATE_YMD`, `CREATE_TMS`) VALUES ('STATS', 'ADMIN', '1', '8', '통계', 'SUPER', '20160603', '134911');
INSERT INTO `moment`.`tb_mmt_menu` (`MENU_ID`, `SYSTEM_CODE`, `DEPTH`, `SEQ`, `PARENT_MENU_ID`, `MENU_NAME`, `CREATE_ID`, `CREATE_YMD`, `CREATE_TMS`) VALUES ('STATS_CMPGN', 'ADMIN', '2', '1', 'STATS', '캠페인 통계', 'SUPER', '20160603', '134911');
INSERT INTO `moment`.`tb_mmt_menu` (`MENU_ID`, `SYSTEM_CODE`, `DEPTH`, `SEQ`, `PARENT_MENU_ID`, `MENU_NAME`, `CREATE_ID`, `CREATE_YMD`, `CREATE_TMS`) VALUES ('STATS_DAILY', 'ADMIN', '2', '2', 'STATS', '일별 통계', 'SUPER', '20160603', '134911');
INSERT INTO `moment`.`tb_mmt_menu` (`MENU_ID`, `SYSTEM_CODE`, `DEPTH`, `SEQ`, `PARENT_MENU_ID`, `MENU_NAME`, `CREATE_ID`, `CREATE_YMD`, `CREATE_TMS`) VALUES ('STATS_USER', 'ADMIN', '2', '3', 'STATS', '회원 통계', 'SUPER', '20160603', '134911');
INSERT INTO `moment`.`tb_mmt_menu` (`MENU_ID`, `SYSTEM_CODE`, `DEPTH`, `SEQ`, `MENU_NAME`, `CREATE_ID`, `CREATE_YMD`, `CREATE_TMS`) VALUES ('VOC', 'ADMIN', '1', '9', 'VOC 관리', 'SUPER', '20160603', '134911');
INSERT INTO `moment`.`tb_mmt_menu` (`MENU_ID`, `SYSTEM_CODE`, `DEPTH`, `SEQ`, `PARENT_MENU_ID`, `MENU_NAME`, `CREATE_ID`, `CREATE_YMD`, `CREATE_TMS`) VALUES ('VOC_MGMT', 'ADMIN', '2', '1', 'VOC', 'VOC 관리', 'SUPER', '20160603', '134911');
INSERT INTO `moment`.`tb_mmt_menu` (`MENU_ID`, `SYSTEM_CODE`, `DEPTH`, `SEQ`, `PARENT_MENU_ID`, `MENU_NAME`, `CREATE_ID`, `CREATE_YMD`, `CREATE_TMS`) VALUES ('MEMBER', 'ADMIN', '1', '10', '', '회원 관리', 'SUPER', '20160603', '134911');
INSERT INTO `moment`.`tb_mmt_menu` (`MENU_ID`, `SYSTEM_CODE`, `DEPTH`, `SEQ`, `PARENT_MENU_ID`, `MENU_NAME`, `CREATE_ID`, `CREATE_YMD`, `CREATE_TMS`) VALUES ('MEMBER_MGMT', 'ADMIN', '2', '1', 'MEMBER', '회원 관리', 'SUPER', '20160603', '134911');

INSERT INTO `moment`.`tb_mmt_dev_company` (`DEV_ID`, `COMPANY_NAME`, `CREATE_ID`, `CREATE_YMD`, `CREATE_TMS`) VALUES ('SKT', 'SK텔레콤', 'super', '20160607', '153600');

INSERT INTO `moment`.`tb_mmt_grp_code` (`GRP_CODE`, `GRP_CODE_NAME`, `GRP_CODE_DESC`, `STATUS_CODE`, `CREATE_ID`, `CREATE_DATE`) VALUES ('USE_STATUS', '사용상태', '해당 데이터의 사용 상태 코드', 'USE_Y', 'opr', DATE_FORMAT(NOW(),'%Y%m%d%H%i%s'));
INSERT INTO `moment`.`tb_mmt_common_code` (`GRP_CODE`, `COMMON_CODE`, `SEQ`, `COMMON_CODE_NAME`, `COMMON_CODE_DESC`, `COMMON_CODE_VAL`, `COMMON_CODE_VAL_DESC`, `CREATE_ID`, `CREATE_DATE`) VALUES ('USE_STATUS', 'USE_Y', 1, '사용', '데이터 사용', 'Y', '사용', 'opr', DATE_FORMAT(NOW(),'%Y%m%d%H%i%s'));
INSERT INTO `moment`.`tb_mmt_common_code` (`GRP_CODE`, `COMMON_CODE`, `SEQ`, `COMMON_CODE_NAME`, `COMMON_CODE_DESC`, `COMMON_CODE_VAL`, `COMMON_CODE_VAL_DESC`, `CREATE_ID`, `CREATE_DATE`) VALUES ('USE_STATUS', 'USE_N', 2, '미사용', '데이터 미사용', 'N', '미사용', 'opr', DATE_FORMAT(NOW(),'%Y%m%d%H%i%s'));

INSERT INTO `moment`.`tb_mmt_grp_code` (`GRP_CODE`, `GRP_CODE_NAME`, `GRP_CODE_DESC`, `STATUS_CODE`, `CREATE_ID`, `CREATE_DATE`) VALUES ('COUPON_STATUS', '쿠폰상태코드', '쿠폰의 상태변화 코드', 'USE_Y', 'opr', DATE_FORMAT(NOW(),'%Y%m%d%H%i%s'));
INSERT INTO `moment`.`tb_mmt_common_code` (`GRP_CODE`, `COMMON_CODE`, `SEQ`, `COMMON_CODE_NAME`, `COMMON_CODE_DESC`, `COMMON_CODE_VAL`, `COMMON_CODE_VAL_DESC`, `CREATE_ID`, `CREATE_DATE`) VALUES ('COUPON_STATUS', 'NO_IMAGE', 1, '발행중', '쿠폰이미지 생성중', 'NO_IMAGE', 'NO_IMAGE', 'opr', DATE_FORMAT(NOW(),'%Y%m%d%H%i%s'));
INSERT INTO `moment`.`tb_mmt_common_code` (`GRP_CODE`, `COMMON_CODE`, `SEQ`, `COMMON_CODE_NAME`, `COMMON_CODE_DESC`, `COMMON_CODE_VAL`, `COMMON_CODE_VAL_DESC`, `CREATE_ID`, `CREATE_DATE`) VALUES ('COUPON_STATUS', 'DONE', 2, '발행완료', '쿠폰이미지 생성 완료', 'DONE', 'DONE', 'opr', DATE_FORMAT(NOW(),'%Y%m%d%H%i%s'));
INSERT INTO `moment`.`tb_mmt_common_code` (`GRP_CODE`, `COMMON_CODE`, `SEQ`, `COMMON_CODE_NAME`, `COMMON_CODE_DESC`, `COMMON_CODE_VAL`, `COMMON_CODE_VAL_DESC`, `CREATE_ID`, `CREATE_DATE`) VALUES ('COUPON_STATUS', 'ASSIGNED', 3, '미발급', '쿠폰이미지 생성 완료', 'ASSIGNED', 'ASSIGNED', 'opr', DATE_FORMAT(NOW(),'%Y%m%d%H%i%s'));
INSERT INTO `moment`.`tb_mmt_common_code` (`GRP_CODE`, `COMMON_CODE`, `SEQ`, `COMMON_CODE_NAME`, `COMMON_CODE_DESC`, `COMMON_CODE_VAL`, `COMMON_CODE_VAL_DESC`, `CREATE_ID`, `CREATE_DATE`) VALUES ('COUPON_STATUS', 'OWNED', 4, '발급완료', '유저에게 쿠폰이 발급됨', 'OWNED', 'OWNED', 'opr', DATE_FORMAT(NOW(),'%Y%m%d%H%i%s'));
INSERT INTO `moment`.`tb_mmt_common_code` (`GRP_CODE`, `COMMON_CODE`, `SEQ`, `COMMON_CODE_NAME`, `COMMON_CODE_DESC`, `COMMON_CODE_VAL`, `COMMON_CODE_VAL_DESC`, `CREATE_ID`, `CREATE_DATE`) VALUES ('COUPON_STATUS', 'DOWNLOADED', 5, '다운로드 완료', '다운로드 완료시', 'DOWNLOADED', 'DOWNLOADED', 'opr', DATE_FORMAT(NOW(),'%Y%m%d%H%i%s'));
INSERT INTO `moment`.`tb_mmt_common_code` (`GRP_CODE`, `COMMON_CODE`, `SEQ`, `COMMON_CODE_NAME`, `COMMON_CODE_DESC`, `COMMON_CODE_VAL`, `COMMON_CODE_VAL_DESC`, `CREATE_ID`, `CREATE_DATE`) VALUES ('COUPON_STATUS', 'ERROR', 6, '생성에러', '생성중 에러발생', 'ERROR', 'ERROR', 'opr', DATE_FORMAT(NOW(),'%Y%m%d%H%i%s'));

INSERT INTO `moment`.`tb_mmt_grp_code` (`GRP_CODE`, `GRP_CODE_NAME`, `GRP_CODE_DESC`, `STATUS_CODE`, `CREATE_ID`, `CREATE_DATE`) VALUES ('REG_STATUS', '쿠폰그룹상태코드', '쿠폰그룹의 상태변화 코드', 'USE_Y', 'opr', DATE_FORMAT(NOW(),'%Y%m%d%H%i%s'));
INSERT INTO `moment`.`tb_mmt_common_code` (`GRP_CODE`, `COMMON_CODE`, `SEQ`, `COMMON_CODE_NAME`, `COMMON_CODE_DESC`, `COMMON_CODE_VAL`, `COMMON_CODE_VAL_DESC`, `CREATE_ID`, `CREATE_DATE`) VALUES ('REG_STATUS', 'EMPTY', 1, '미발행', '쿠폰그룹 등록후, 아무것도 하지 않은상태', 'EMPTY', 'EMPTY', 'opr', DATE_FORMAT(NOW(),'%Y%m%d%H%i%s'));
INSERT INTO `moment`.`tb_mmt_common_code` (`GRP_CODE`, `COMMON_CODE`, `SEQ`, `COMMON_CODE_NAME`, `COMMON_CODE_DESC`, `COMMON_CODE_VAL`, `COMMON_CODE_VAL_DESC`, `CREATE_ID`, `CREATE_DATE`) VALUES ('REG_STATUS', 'ING', 2, '발행중', 'PIN번호 INSERT 및 쿠폰이미지 생성중', 'ING', 'ING', 'opr', DATE_FORMAT(NOW(),'%Y%m%d%H%i%s'));
INSERT INTO `moment`.`tb_mmt_common_code` (`GRP_CODE`, `COMMON_CODE`, `SEQ`, `COMMON_CODE_NAME`, `COMMON_CODE_DESC`, `COMMON_CODE_VAL`, `COMMON_CODE_VAL_DESC`, `CREATE_ID`, `CREATE_DATE`) VALUES ('REG_STATUS', 'DONE', 3, '발행완료', '쿠폰 생성 완료', 'DONE', 'DONE', 'opr', DATE_FORMAT(NOW(),'%Y%m%d%H%i%s'));


INSERT INTO `moment`.`tb_mmt_grp_code` (`GRP_CODE`, `GRP_CODE_NAME`, `GRP_CODE_DESC`, `STATUS_CODE`, `CREATE_ID`, `CREATE_DATE`) VALUES ('GENDER_CODE', '성별코드', '성별코드', 'USE_Y', 'opr', DATE_FORMAT(NOW(),'%Y%m%d%H%i%s'));
INSERT INTO `moment`.`tb_mmt_common_code` (`GRP_CODE`, `COMMON_CODE`, `SEQ`, `COMMON_CODE_NAME`, `COMMON_CODE_DESC`, `COMMON_CODE_VAL`, `COMMON_CODE_VAL_DESC`, `CREATE_ID`, `CREATE_DATE`) VALUES ('GENDER_CODE', 'A', 1, '전체', '전체', 'A', 'A', 'opr', DATE_FORMAT(NOW(),'%Y%m%d%H%i%s'));
INSERT INTO `moment`.`tb_mmt_common_code` (`GRP_CODE`, `COMMON_CODE`, `SEQ`, `COMMON_CODE_NAME`, `COMMON_CODE_DESC`, `COMMON_CODE_VAL`, `COMMON_CODE_VAL_DESC`, `CREATE_ID`, `CREATE_DATE`) VALUES ('GENDER_CODE', 'F', 2, '여성', '남성', 'F', 'F', 'opr', DATE_FORMAT(NOW(),'%Y%m%d%H%i%s'));
INSERT INTO `moment`.`tb_mmt_common_code` (`GRP_CODE`, `COMMON_CODE`, `SEQ`, `COMMON_CODE_NAME`, `COMMON_CODE_DESC`, `COMMON_CODE_VAL`, `COMMON_CODE_VAL_DESC`, `CREATE_ID`, `CREATE_DATE`) VALUES ('GENDER_CODE', 'M', 3, '남성', '여성', 'M', 'M', 'opr', DATE_FORMAT(NOW(),'%Y%m%d%H%i%s'));
INSERT INTO `moment`.`tb_mmt_common_code` (`GRP_CODE`, `COMMON_CODE`, `SEQ`, `COMMON_CODE_NAME`, `COMMON_CODE_DESC`, `COMMON_CODE_VAL`, `COMMON_CODE_VAL_DESC`, `CREATE_ID`, `CREATE_DATE`) VALUES ('GENDER_CODE', 'X', 4, 'Other', '기타', 'X', 'X', 'opr', DATE_FORMAT(NOW(),'%Y%m%d%H%i%s'));


INSERT INTO `moment`.`tb_mmt_grp_code` (`GRP_CODE`, `GRP_CODE_NAME`, `GRP_CODE_DESC`, `STATUS_CODE`, `CREATE_ID`, `CREATE_DATE`) VALUES ('DATA_TAG_TYPE', '데이터태그타입코드', '데이터 태그의 타입 코드', 'DATA_TAG_TYPE', 'opr', DATE_FORMAT(NOW(),'%Y%m%d%H%i%s'));
INSERT INTO `moment`.`tb_mmt_common_code` (`GRP_CODE`, `COMMON_CODE`, `SEQ`, `COMMON_CODE_NAME`, `COMMON_CODE_DESC`, `COMMON_CODE_VAL`, `COMMON_CODE_VAL_DESC`, `CREATE_ID`, `CREATE_DATE`) VALUES ('DATA_TAG_TYPE', 'MOMENT', 1, 'momen.t', '모멘티 일반 데이터 태그', 'momen.t', '모멘티 일반 데이터 태그', 'opr', DATE_FORMAT(NOW(),'%Y%m%d%H%i%s'));
INSERT INTO `moment`.`tb_mmt_common_code` (`GRP_CODE`, `COMMON_CODE`, `SEQ`, `COMMON_CODE_NAME`, `COMMON_CODE_DESC`, `COMMON_CODE_VAL`, `COMMON_CODE_VAL_DESC`, `CREATE_ID`, `CREATE_DATE`) VALUES ('DATA_TAG_TYPE', 'TMAP', 2, 'T Map', 'T Map 데이터 태그', 'T Map', 'T Map 데이터 태그', 'opr', DATE_FORMAT(NOW(),'%Y%m%d%H%i%s'));

INSERT INTO TB_MMT_USER_TAG (TAG_ID, TAG_NAME, TAG_TITLE, TAG_TITLE_FOR_HTML, TAG_DESC, TAG_PARAMETER_DESC, SEQ, REALTIME_YN) VALUES (1, '나이', '연령이 %d세 ~ %d세 인 유저', '연령이 <span class="tag_value">%d</span>세 ~ <span class="tag_value">%d</span>세 인 유저', '특정 연령대 별 유저', 'from, to', 1, 'N');
INSERT INTO TB_MMT_USER_TAG (TAG_ID, TAG_NAME, TAG_TITLE, TAG_TITLE_FOR_HTML, TAG_DESC, TAG_PARAMETER_DESC, SEQ, REALTIME_YN) VALUES (2, '통신사', '통신사가 %s인 유저', '통신사가 <span class="tag_value">%s</span>인 유저', '특정 통신사 유저', '통신사 코드', 2, 'N');
INSERT INTO TB_MMT_USER_TAG (TAG_ID, TAG_NAME, TAG_TITLE, TAG_TITLE_FOR_HTML, TAG_DESC, TAG_PARAMETER_DESC, SEQ, REALTIME_YN) VALUES (3, '성별', '성별이 %s인 유저', '성별이 <span class="tag_value">%s</span>인 유저', '특정 성별 유저', '성별코드', 3, 'N');
INSERT INTO TB_MMT_USER_TAG (TAG_ID, TAG_NAME, TAG_TITLE, TAG_TITLE_FOR_HTML, TAG_DESC, TAG_PARAMETER_DESC, SEQ, REALTIME_YN) VALUES (4, '현재 위치', '현재 위치가 %s %s인 유저', '현재 위치가 <span class="tag_value">%s</span> <span class="tag_value">%s</span>인 유저', '현재 위치가 특정 시/군인 유저', '시, 구', 4, 'Y');
INSERT INTO TB_MMT_USER_TAG (TAG_ID, TAG_NAME, TAG_TITLE, TAG_TITLE_FOR_HTML, TAG_DESC, TAG_PARAMETER_DESC, SEQ, REALTIME_YN) VALUES (5, 'O.S 버전', 'O.S 버전이 %s이상인 유저', 'O.S 버전이 <span class="tag_value">%s</span>이상인 유저', '특정 O.S버전 이상의 유저', 'O.S버전', 5, 'N');

INSERT INTO TB_MMT_DATA_TAG (TAG_ID, TAG_NAME, TAG_TITLE, TAG_TITLE_FOR_HTML, TAG_DESC, TAG_PARAMETER_DESC, TAG_TYPE_CODE, SEQ) VALUES (1, 'First x moment', '%s이 1회인 유저', '<span class="tag_value">%s</span>이 1회인 유저', '특정 모먼트가 최초인 유저 대상', '모멘티 아이디', 'MOMENT', 1);
INSERT INTO TB_MMT_DATA_TAG (TAG_ID, TAG_NAME, TAG_TITLE, TAG_TITLE_FOR_HTML, TAG_DESC, TAG_PARAMETER_DESC, TAG_TYPE_CODE, SEQ) VALUES (2, 'x moments in y days', '%s 횟수가 지난 %d일동안 %d회 이상 일어난 유저 대상', '<span class="tag_value">%s</span> 횟수가 지난 <span class="tag_value">%d</span>일동안 <span class="tag_value">%d</span>회 이상 일어난 유저 대상', '특정 모먼트 횟수가 지난 y일동안 x회 이상 일어난 유저 대상', '모멘티 아이디, y일, x회', 'MOMENT', 2);
INSERT INTO TB_MMT_DATA_TAG (TAG_ID, TAG_NAME, TAG_TITLE, TAG_TITLE_FOR_HTML, TAG_DESC, TAG_PARAMETER_DESC, TAG_TYPE_CODE, SEQ) VALUES (3, 'Last Used App', '앱 %s을 %s 이래로 사용한 유저', '앱 <span class="tag_value">%s</span>을 <span class="tag_value">%s</span> 이래로 사용한 유저', '앱을 마지막으로 사용한 날짜 기준으로 유저 segement', 'App Code, 날짜', 'MOMENT', 3);
INSERT INTO TB_MMT_DATA_TAG (TAG_ID, TAG_NAME, TAG_TITLE, TAG_TITLE_FOR_HTML, TAG_DESC, TAG_PARAMETER_DESC, TAG_TYPE_CODE, SEQ) VALUES (4, 'Last Reward', '리워드 %s를 %s 이래로 받은 유저', '리워드 <span class="tag_value">%s</span>를 <span class="tag_value">%s</span> 이래로 받은 유저', '리워드를 마지막으로 받은 날짜 기준으로 유저 segment', '리워드 아이디, 날짜', 'MOMENT', 4);
INSERT INTO TB_MMT_DATA_TAG (TAG_ID, TAG_NAME, TAG_TITLE, TAG_TITLE_FOR_HTML, TAG_DESC, TAG_PARAMETER_DESC, TAG_TYPE_CODE, SEQ) VALUES (5, 'Reward in y days', '%d일 이내에 리워드 %s를 받은 유저', '<span class="tag_value">%d</span>일 이내에 리워드 <span class="tag_value">%s</span>를 받은 유저', 'y일 이내에 모멘티 리워드를 받은 유저 (or not)', 'y일,리워드 아이디', 'MOMENT', 5);
INSERT INTO TB_MMT_DATA_TAG (TAG_ID, TAG_NAME, TAG_TITLE, TAG_TITLE_FOR_HTML, TAG_DESC, TAG_PARAMETER_DESC, TAG_TYPE_CODE, SEQ) VALUES (6, 'Response', '캠페인 %s에 대하여 반응이 있었던 유저', '캠페인 <span class="tag_value">%s</span>에 대하여 반응이 있었던 유저', '특정 캠페인에 대하여 반응이 있었던 유저 대상', '캠페인 아이디,캠페인여부', 'MOMENT', 6);
INSERT INTO TB_MMT_DATA_TAG (TAG_ID, TAG_NAME, TAG_TITLE, TAG_TITLE_FOR_HTML, TAG_DESC, TAG_PARAMETER_DESC, TAG_TYPE_CODE, SEQ) VALUES (7, 'Response Rate x% and up', '평균 캠페인 반응율이 %d%% 이상인 유저', '평균 캠페인 반응율이 <span class="tag_value">%d</span>%% 이상인 유저', '평균 캠페인 반응율이 x% 이상인 유저 대상', 'x%', 'MOMENT', 7);
INSERT INTO TB_MMT_DATA_TAG (TAG_ID, TAG_NAME, TAG_TITLE, TAG_TITLE_FOR_HTML, TAG_DESC, TAG_PARAMETER_DESC, TAG_TYPE_CODE, SEQ) VALUES (8, 'VIP', '%s 동안 앱 %s를 10회 이상 실행한 유저', '<span class="tag_value">%s</span> 동안 앱 <span class="tag_value">%s</span>를 10회 이상 실행한 유저', '월 10회 이상 App Launch한 유저 대상', '년월,App Code', 'MOMENT', 8);
INSERT INTO TB_MMT_DATA_TAG (TAG_ID, TAG_NAME, TAG_TITLE, TAG_TITLE_FOR_HTML, TAG_DESC, TAG_PARAMETER_DESC, TAG_TYPE_CODE, SEQ) VALUES (9, 'Active User', '%s 동안 앱 %s를 5회 이상 실행한 유저', '<span class="tag_value">%s</span> 동안 앱 <span class="tag_value">%s</span>를 5회 이상 실행한 유저', '월 5회 이상 App Launch한 유저 대상', '년월,App Code', 'MOMENT', 9);
INSERT INTO TB_MMT_DATA_TAG (TAG_ID, TAG_NAME, TAG_TITLE, TAG_TITLE_FOR_HTML, TAG_DESC, TAG_PARAMETER_DESC, TAG_TYPE_CODE, SEQ) VALUES (10, 'Moderate User', '%s 동안 앱 %s를 2회 이상 실행한 유저', '<span class="tag_value">%s</span> 동안 앱 <span class="tag_value">%s</span>를 2회 이상 실행한 유저', '월 2회 이상 App Launch한 유저 대상', '년월,App Code', 'MOMENT', 10);
INSERT INTO TB_MMT_DATA_TAG (TAG_ID, TAG_NAME, TAG_TITLE, TAG_TITLE_FOR_HTML, TAG_DESC, TAG_PARAMETER_DESC, TAG_TYPE_CODE, SEQ) VALUES (11, 'Inactive User', '%s 동안 앱 %s를 실행하지 않은 유저', '<span class="tag_value">%s</span> 동안 앱 <span class="tag_value">%s</span>를 실행하지 않은 유저', '1개월 이상 App Launch하지 않은 유저 대상', '년월,App Code', 'MOMENT', 11);
INSERT INTO TB_MMT_DATA_TAG (TAG_ID, TAG_NAME, TAG_TITLE, TAG_TITLE_FOR_HTML, TAG_DESC, TAG_PARAMETER_DESC, TAG_TYPE_CODE, SEQ) VALUES (12, 'x moment mania', '%s를 %s 동안 5회 이상 사용하는 유저', '<span class="tag_value">%s</span>를 <span class="tag_value">%s</span> 동안 5회 이상 사용하는 유저', '특정 기능 월 5회 이상 사용하는 유저 대상', '모멘티 아이디, 년월', 'MOMENT', 12);
INSERT INTO TB_MMT_DATA_TAG (TAG_ID, TAG_NAME, TAG_TITLE, TAG_TITLE_FOR_HTML, TAG_DESC, TAG_PARAMETER_DESC, TAG_TYPE_CODE, SEQ) VALUES (13, 'action web mania', '액션배너 웹반응율이 60% 이상인 유저', '액션배너 웹반응율이 60% 이상인 유저', '액션배너 웹반응율이 60% 이상인 유저 대상', null, 'MOMENT', 13);
INSERT INTO TB_MMT_DATA_TAG (TAG_ID, TAG_NAME, TAG_TITLE, TAG_TITLE_FOR_HTML, TAG_DESC, TAG_PARAMETER_DESC, TAG_TYPE_CODE, SEQ) VALUES (14, 'stamp mania', '스탬프 제안시 참여율이 60% 이상인 유저', '스탬프 제안시 참여율이 60% 이상인 유저', '스탬프 제안시 참여율이 60% 이상인 유저 대상', null, 'MOMENT', 14);

INSERT INTO TB_MMT_DATA_TAG (TAG_ID, TAG_NAME, TAG_TITLE, TAG_TITLE_FOR_HTML, TAG_DESC, TAG_PARAMETER_DESC, TAG_TYPE_CODE, SEQ) VALUES (15, '안전운전 가입 여부', '안전운전 가입 여부가 %s인 유저', '안전운전 가입 여부가 <span class="tag_value">%s</span>인 유저', '안전운전 가입 여부에 따른 유저 대상', '가입여부', 'TMAP', 1);
INSERT INTO TB_MMT_DATA_TAG (TAG_ID, TAG_NAME, TAG_TITLE, TAG_TITLE_FOR_HTML, TAG_DESC, TAG_PARAMETER_DESC, TAG_TYPE_CODE, SEQ) VALUES (16, '안전운전 주행 거리', '안전운전 주행 거리가 %dkm 이상인 유저', '안전운전 주행 거리가 <span class="tag_value">%d</span>km 이상인 유저', '안전운전 주행 거리가 일정 거리 이상인 유저', '주행거리(km)', 'TMAP', 2);
INSERT INTO TB_MMT_DATA_TAG (TAG_ID, TAG_NAME, TAG_TITLE, TAG_TITLE_FOR_HTML, TAG_DESC, TAG_PARAMETER_DESC, TAG_TYPE_CODE, SEQ) VALUES (17, '안전운전 점수', '안전운전 점수가 %d점 이상인 유저', '안전운전 점수가 <span class="tag_value">%d</span>점 이상인 유저', '안전운전 점수가 일정 점수 이상인 유저', '점수', 'TMAP', 3);
INSERT INTO TB_MMT_DATA_TAG (TAG_ID, TAG_NAME, TAG_TITLE, TAG_TITLE_FOR_HTML, TAG_DESC, TAG_PARAMETER_DESC, TAG_TYPE_CODE, SEQ) VALUES (18, '목적지 검색(POI)', '검색한 목적지가 %s에서 1km 이내인 유저', '검색한 목적지가 <span class="tag_value">%s</span>에서 1km 이내인 유저', 'T Map에서 목적지 검색을 수행했을 때 입력한 목적지가 지정한 POI 주변에 있는 유저 분류', 'POI 아이디', 'TMAP', 4);
INSERT INTO TB_MMT_DATA_TAG (TAG_ID, TAG_NAME, TAG_TITLE, TAG_TITLE_FOR_HTML, TAG_DESC, TAG_PARAMETER_DESC, TAG_TYPE_CODE, SEQ) VALUES (19, '목적지 검색(Text)', '검색한 목적지에 %s라는 단어를 포함한 유저', '검색한 목적지에 <span class="tag_value">%s</span>라는 단어를 포함한 유저', 'T Map에서 목적지 검색을 수행했을 때 입력한 목적지의 Text가 지정한 Text를 포함한 유저 분류', 'TEXT', 'TMAP', 5);
INSERT INTO TB_MMT_DATA_TAG (TAG_ID, TAG_NAME, TAG_TITLE, TAG_TITLE_FOR_HTML, TAG_DESC, TAG_PARAMETER_DESC, TAG_TYPE_CODE, SEQ) VALUES (20, '운행 시간', '운행 시간이 %d분 이상인 유저', '운행 시간이 <span class="tag_value">%d</span>분 이상인 유저', 'T Map을 통해 운행한 운행 시간에 따라 유저 분류', '운행시간(분)', 'TMAP', 6);
INSERT INTO TB_MMT_DATA_TAG (TAG_ID, TAG_NAME, TAG_TITLE, TAG_TITLE_FOR_HTML, TAG_DESC, TAG_PARAMETER_DESC, TAG_TYPE_CODE, SEQ) VALUES (21, '평균 속력', '평균 속력 %dkm/h %s로 주행한 유저', '평균 속력 <span class="tag_value">%d</span>km/h <span class="tag_value">%s</span>로 주행한 유저', 'T Map을 통해 운행한 주행의 평균 속력에 따라 유저 분류', '평균속력(km/h), 이상/이하 코드', 'TMAP', 7);
INSERT INTO TB_MMT_DATA_TAG (TAG_ID, TAG_NAME, TAG_TITLE, TAG_TITLE_FOR_HTML, TAG_DESC, TAG_PARAMETER_DESC, TAG_TYPE_CODE, SEQ) VALUES (22, '운행 거리', '운행거리가 %dkm %s인 유저', '운행거리가 <span class="tag_value">%d</span>km <span class="tag_value">%s</span>인 유저', 'T Map을 통해 운행한 주행의 운행 거리에 따라 유저 분류', '운행거리(km), 이상/이하 코드', 'TMAP', 8);
INSERT INTO TB_MMT_DATA_TAG (TAG_ID, TAG_NAME, TAG_TITLE, TAG_TITLE_FOR_HTML, TAG_DESC, TAG_PARAMETER_DESC, TAG_TYPE_CODE, SEQ) VALUES (23, '최고 속력', '최고 속력 %dkm/h %s으로 주행한 유저', '최고 속력 <span class="tag_value">%d</span>km/h <span class="tag_value">%s</span>으로 주행한 유저', 'T Map을 통해 운행한 주행의 최고 속력에 따라 유저 분류', '최고속력(km/h), 이상/이하 코드', 'TMAP', 9);
INSERT INTO TB_MMT_DATA_TAG (TAG_ID, TAG_NAME, TAG_TITLE, TAG_TITLE_FOR_HTML, TAG_DESC, TAG_PARAMETER_DESC, TAG_TYPE_CODE, SEQ) VALUES (24, '목적지(POI)', '도착한 목적지가 %s에서 1km 이내인 유저', '도착한 목적지가 <span class="tag_value">%s</span>에서 1km 이내인 유저', 'T Map을 통해 운행한 목적지가 지정한 POI 주변에 있는 유저 분류', 'POI 아이디', 'TMAP', 10);
INSERT INTO TB_MMT_DATA_TAG (TAG_ID, TAG_NAME, TAG_TITLE, TAG_TITLE_FOR_HTML, TAG_DESC, TAG_PARAMETER_DESC, TAG_TYPE_CODE, SEQ) VALUES (25, 'T Map 버전', 'T Map 버전이 %s %s인 유저', 'T Map 버전이 <span class="tag_value">%s</span> <span class="tag_value">%s</span>인 유저', 'T Map 앱의 버전이 특정 버전 이상이거나 이하인 유저 분류', '앱 버전,이상/이하 코드', 'TMAP', 11);

INSERT INTO `moment`.`tb_mmt_grp_code` (`GRP_CODE`, `GRP_CODE_NAME`, `GRP_CODE_DESC`, `STATUS_CODE`, `CREATE_ID`, `CREATE_DATE`) VALUES ('COUPON_DISPLAY', '쿠폰노출여부', '쿠폰이 노출되면 NONE->DONE으로 변경됨.', 'USE_Y', 'opr', DATE_FORMAT(NOW(),'%Y%m%d%H%i%s'));
INSERT INTO `moment`.`tb_mmt_common_code` (`GRP_CODE`, `COMMON_CODE`, `SEQ`, `COMMON_CODE_NAME`, `COMMON_CODE_DESC`, `COMMON_CODE_VAL`, `COMMON_CODE_VAL_DESC`, `CREATE_ID`, `CREATE_DATE`) VALUES ('COUPON_DISPLAY', 'NONE', 1, '미노출', '미노출', 'NONE', 'NONE', 'opr', DATE_FORMAT(NOW(),'%Y%m%d%H%i%s'));
INSERT INTO `moment`.`tb_mmt_common_code` (`GRP_CODE`, `COMMON_CODE`, `SEQ`, `COMMON_CODE_NAME`, `COMMON_CODE_DESC`, `COMMON_CODE_VAL`, `COMMON_CODE_VAL_DESC`, `CREATE_ID`, `CREATE_DATE`) VALUES ('COUPON_DISPLAY', 'DONE', 2, '노출', '노출', 'DONE', 'DONE', 'opr', DATE_FORMAT(NOW(),'%Y%m%d%H%i%s'));

INSERT INTO `moment`.`tb_mmt_grp_code` (`GRP_CODE`, `GRP_CODE_NAME`, `GRP_CODE_DESC`, `STATUS_CODE`, `CREATE_ID`, `CREATE_DATE`) VALUES ('BATCH_PROGRESS', '배치진행상태코드', '배치 진행 상태 코드', 'USE_Y', 'opr', DATE_FORMAT(NOW(),'%Y%m%d%H%i%s'));
INSERT INTO `moment`.`tb_mmt_common_code` (`GRP_CODE`, `COMMON_CODE`, `SEQ`, `COMMON_CODE_NAME`, `COMMON_CODE_DESC`, `COMMON_CODE_VAL`, `COMMON_CODE_VAL_DESC`, `CREATE_ID`, `CREATE_DATE`) VALUES ('BATCH_PROGRESS', 'NONE', 1, '배치수행안함', '등록은 되었으나 배치는 수행 안함', 'NONE', null, 'opr', DATE_FORMAT(NOW(),'%Y%m%d%H%i%s'));
INSERT INTO `moment`.`tb_mmt_common_code` (`GRP_CODE`, `COMMON_CODE`, `SEQ`, `COMMON_CODE_NAME`, `COMMON_CODE_DESC`, `COMMON_CODE_VAL`, `COMMON_CODE_VAL_DESC`, `CREATE_ID`, `CREATE_DATE`) VALUES ('BATCH_PROGRESS', 'START', 2, '배치 대기', '배치 대상이나 아직 배치 서버가 바로보지 않음', 'NONE', null, 'opr', DATE_FORMAT(NOW(),'%Y%m%d%H%i%s'));
INSERT INTO `moment`.`tb_mmt_common_code` (`GRP_CODE`, `COMMON_CODE`, `SEQ`, `COMMON_CODE_NAME`, `COMMON_CODE_DESC`, `COMMON_CODE_VAL`, `COMMON_CODE_VAL_DESC`, `CREATE_ID`, `CREATE_DATE`) VALUES ('BATCH_PROGRESS', 'WAIT', 3, '배치 대상', '배치 서버가 바라봤고, 배치 처리를 기다림', 'WAIT', null, 'opr', DATE_FORMAT(NOW(),'%Y%m%d%H%i%s'));
INSERT INTO `moment`.`tb_mmt_common_code` (`GRP_CODE`, `COMMON_CODE`, `SEQ`, `COMMON_CODE_NAME`, `COMMON_CODE_DESC`, `COMMON_CODE_VAL`, `COMMON_CODE_VAL_DESC`, `CREATE_ID`, `CREATE_DATE`) VALUES ('BATCH_PROGRESS', 'ING', 4, '배치 중', '배치 서버가 배치를 처리 중인 상태', 'ING', null, 'opr', DATE_FORMAT(NOW(),'%Y%m%d%H%i%s'));
INSERT INTO `moment`.`tb_mmt_common_code` (`GRP_CODE`, `COMMON_CODE`, `SEQ`, `COMMON_CODE_NAME`, `COMMON_CODE_DESC`, `COMMON_CODE_VAL`, `COMMON_CODE_VAL_DESC`, `CREATE_ID`, `CREATE_DATE`) VALUES ('BATCH_PROGRESS', 'DONE', 5, '배치 완료', '배치 서버가 배치를 완료한 상태', 'DESC', null, 'opr', DATE_FORMAT(NOW(),'%Y%m%d%H%i%s'));

INSERT INTO `moment`.`tb_mmt_grp_code` (`GRP_CODE`, `GRP_CODE_NAME`, `GRP_CODE_DESC`, `STATUS_CODE`, `CREATE_ID`, `CREATE_DATE`) VALUES ('CONJUNCTION', '접속사코드', '타겟팅에서 접속사에 해당하는 코드', 'USE_Y', 'opr', DATE_FORMAT(NOW(),'%Y%m%d%H%i%s'));
INSERT INTO `moment`.`tb_mmt_common_code` (`GRP_CODE`, `COMMON_CODE`, `SEQ`, `COMMON_CODE_NAME`, `COMMON_CODE_DESC`, `COMMON_CODE_VAL`, `COMMON_CODE_VAL_DESC`, `CREATE_ID`, `CREATE_DATE`) VALUES ('CONJUNCTION', 'AND', 1, 'AND', '그리고', 'AND', null, 'opr', DATE_FORMAT(NOW(),'%Y%m%d%H%i%s'));
INSERT INTO `moment`.`tb_mmt_common_code` (`GRP_CODE`, `COMMON_CODE`, `SEQ`, `COMMON_CODE_NAME`, `COMMON_CODE_DESC`, `COMMON_CODE_VAL`, `COMMON_CODE_VAL_DESC`, `CREATE_ID`, `CREATE_DATE`) VALUES ('CONJUNCTION', 'OR', 2, 'OR', '또는', 'OR', null, 'opr', DATE_FORMAT(NOW(),'%Y%m%d%H%i%s'));

INSERT INTO `moment`.`tb_mmt_grp_code` (`GRP_CODE`, `GRP_CODE_NAME`, `GRP_CODE_DESC`, `STATUS_CODE`, `CREATE_ID`, `CREATE_DATE`) VALUES ('NETWORK_OPERATOR', '통신사코드', '통신사 코드', 'USE_Y', 'opr', DATE_FORMAT(NOW(),'%Y%m%d%H%i%s'));
INSERT INTO `moment`.`tb_mmt_common_code` (`GRP_CODE`, `COMMON_CODE`, `SEQ`, `COMMON_CODE_NAME`, `COMMON_CODE_DESC`, `COMMON_CODE_VAL`, `COMMON_CODE_VAL_DESC`, `CREATE_ID`, `CREATE_DATE`) VALUES ('NETWORK_OPERATOR', 'SKT', 1, 'SKT', 'SK Telecom', 'SKT', null, 'opr', DATE_FORMAT(NOW(),'%Y%m%d%H%i%s'));
INSERT INTO `moment`.`tb_mmt_common_code` (`GRP_CODE`, `COMMON_CODE`, `SEQ`, `COMMON_CODE_NAME`, `COMMON_CODE_DESC`, `COMMON_CODE_VAL`, `COMMON_CODE_VAL_DESC`, `CREATE_ID`, `CREATE_DATE`) VALUES ('NETWORK_OPERATOR', 'KT', 2, 'KT', 'KT', 'KT', null, 'opr', DATE_FORMAT(NOW(),'%Y%m%d%H%i%s'));
INSERT INTO `moment`.`tb_mmt_common_code` (`GRP_CODE`, `COMMON_CODE`, `SEQ`, `COMMON_CODE_NAME`, `COMMON_CODE_DESC`, `COMMON_CODE_VAL`, `COMMON_CODE_VAL_DESC`, `CREATE_ID`, `CREATE_DATE`) VALUES ('NETWORK_OPERATOR', 'LGT', 3, 'SKT', 'LG Telecom', 'LGT', null, 'opr', DATE_FORMAT(NOW(),'%Y%m%d%H%i%s'));

INSERT INTO `moment`.`tb_mmt_grp_code` (`GRP_CODE`, `GRP_CODE_NAME`, `GRP_CODE_DESC`, `STATUS_CODE`, `CREATE_ID`, `CREATE_DATE`) VALUES ('VALUE_RANGE', '이상/이하 코드', '이상/이하 코드', 'USE_Y', 'opr', DATE_FORMAT(NOW(),'%Y%m%d%H%i%s'));
INSERT INTO `moment`.`tb_mmt_common_code` (`GRP_CODE`, `COMMON_CODE`, `SEQ`, `COMMON_CODE_NAME`, `COMMON_CODE_DESC`, `COMMON_CODE_VAL`, `COMMON_CODE_VAL_DESC`, `CREATE_ID`, `CREATE_DATE`) VALUES ('VALUE_RANGE', 'GTE', 1, '이상', '값이 ~보다 이상', 'GTE', null, 'opr', DATE_FORMAT(NOW(),'%Y%m%d%H%i%s'));
INSERT INTO `moment`.`tb_mmt_common_code` (`GRP_CODE`, `COMMON_CODE`, `SEQ`, `COMMON_CODE_NAME`, `COMMON_CODE_DESC`, `COMMON_CODE_VAL`, `COMMON_CODE_VAL_DESC`, `CREATE_ID`, `CREATE_DATE`) VALUES ('VALUE_RANGE', 'LTE', 2, '이하', '값이 ~보다 이하', 'LTE', null, 'opr', DATE_FORMAT(NOW(),'%Y%m%d%H%i%s'));
INSERT INTO `moment`.`tb_mmt_common_code` (`GRP_CODE`, `COMMON_CODE`, `SEQ`, `COMMON_CODE_NAME`, `COMMON_CODE_DESC`, `COMMON_CODE_VAL`, `COMMON_CODE_VAL_DESC`, `CREATE_ID`, `CREATE_DATE`) VALUES ('NETWORK_OPERATOR', 'LGT', 3, 'SKT', 'LG Telecom', 'LGT', null, 'opr', DATE_FORMAT(NOW(),'%Y%m%d%H%i%s'));

INSERT INTO `moment`.`tb_mmt_grp_code` (`GRP_CODE`, `GRP_CODE_NAME`, `GRP_CODE_DESC`, `STATUS_CODE`, `CREATE_ID`, `CREATE_DATE`) VALUES ('CAMPAIGN_STATUS', '캠페인 진행상태 코드' , '캠페인 진행상태 코드' , 'USE_Y' , 'opr', DATE_FORMAT(NOW(),'%Y%m%d%H%i%s' ));
INSERT INTO `moment`.`tb_mmt_common_code` (`GRP_CODE`, `COMMON_CODE`, `SEQ`, `COMMON_CODE_NAME`, `COMMON_CODE_DESC`, `COMMON_CODE_VAL`, `COMMON_CODE_VAL_DESC`, `CREATE_ID`, `CREATE_DATE`)
VALUES('CAMPAIGN_STATUS','OFFER', 1,'OFFER BANNER 진입','OFFER BANNER 진입','OFFER','OFFER BANNER 진입','opr', DATE_FORMAT(NOW(),'%Y%m%d%H%i%s'));
INSERT INTO `moment`.`tb_mmt_common_code` (`GRP_CODE`, `COMMON_CODE`, `SEQ`, `COMMON_CODE_NAME`, `COMMON_CODE_DESC`, `COMMON_CODE_VAL`, `COMMON_CODE_VAL_DESC`, `CREATE_ID`, `CREATE_DATE`)
VALUES('CAMPAIGN_STATUS','WEB', 2,'WEB CARD 진입','WEB CARD 진입','WEB','WEB CARD 진입','opr', DATE_FORMAT(NOW(),'%Y%m%d%H%i%s'));
INSERT INTO `moment`.`tb_mmt_common_code` (`GRP_CODE`, `COMMON_CODE`, `SEQ`, `COMMON_CODE_NAME`, `COMMON_CODE_DESC`, `COMMON_CODE_VAL`, `COMMON_CODE_VAL_DESC`, `CREATE_ID`, `CREATE_DATE`)
VALUES('CAMPAIGN_STATUS','STAMP', 3,'STAMP CARD 진입','STAMP CARD 진입','STAMP','STAMP CARD 진입','opr', DATE_FORMAT(NOW(),'%Y%m%d%H%i%s'));
INSERT INTO `moment`.`tb_mmt_common_code` (`GRP_CODE`, `COMMON_CODE`, `SEQ`, `COMMON_CODE_NAME`, `COMMON_CODE_DESC`, `COMMON_CODE_VAL`, `COMMON_CODE_VAL_DESC`, `CREATE_ID`, `CREATE_DATE`)
VALUES('CAMPAIGN_STATUS','JACKPOT', 4,'JACKPOT CARD 진입','JACKPOT CARD 진입','JACKPOT' ,'JACKPOT CARD 진입','opr', DATE_FORMAT(NOW(),'%Y%m%d%H%i%s'));
INSERT INTO `moment`.`tb_mmt_common_code` (`GRP_CODE`, `COMMON_CODE`, `SEQ`, `COMMON_CODE_NAME`, `COMMON_CODE_DESC`, `COMMON_CODE_VAL`, `COMMON_CODE_VAL_DESC`, `CREATE_ID`, `CREATE_DATE`)
VALUES('CAMPAIGN_STATUS','JACKPOT_FAIL', 5,'JACKPOT_FAIL CARD 진입','JACKPOT_FAIL CARD 진입','JACKPOT_FAIL' ,'JACKPOT_FAIL CARD 진입','opr', DATE_FORMAT(NOW(),'%Y%m%d%H%i%s'));
INSERT INTO `moment`.`tb_mmt_common_code` (`GRP_CODE`, `COMMON_CODE`, `SEQ`, `COMMON_CODE_NAME`, `COMMON_CODE_DESC`, `COMMON_CODE_VAL`, `COMMON_CODE_VAL_DESC`, `CREATE_ID`, `CREATE_DATE`)
VALUES('CAMPAIGN_STATUS','CALLER_APP', 6,'CALLER_APP 진입','CALLER_APP 진입','CALLER_APP' ,'CALLER_APP 진입','opr', DATE_FORMAT(NOW(),'%Y%m%d%H%i%s'));
INSERT INTO `moment`.`tb_mmt_common_code` (`GRP_CODE`, `COMMON_CODE`, `SEQ`, `COMMON_CODE_NAME`, `COMMON_CODE_DESC`, `COMMON_CODE_VAL`, `COMMON_CODE_VAL_DESC`, `CREATE_ID`, `CREATE_DATE`)
VALUES('CAMPAIGN_STATUS','SORRY', 7,'SORRY CARD 진입','SORRY CARD 진입','CALLER_APP' ,'SORRY CARD 진입','opr', DATE_FORMAT(NOW(),'%Y%m%d%H%i%s'));
INSERT INTO `moment`.`tb_mmt_common_code` (`GRP_CODE`, `COMMON_CODE`, `SEQ`, `COMMON_CODE_NAME`, `COMMON_CODE_DESC`, `COMMON_CODE_VAL`, `COMMON_CODE_VAL_DESC`, `CREATE_ID`, `CREATE_DATE`)
VALUES('CAMPAIGN_STATUS','NOREWARD', 8,'NOREWARD CARD 진입','NOREWARD CARD 진입','NOREWARD' ,'NOREWARD CARD 진입','opr', DATE_FORMAT(NOW(),'%Y%m%d%H%i%s'));
INSERT INTO `moment`.`tb_mmt_common_code` (`GRP_CODE`, `COMMON_CODE`, `SEQ`, `COMMON_CODE_NAME`, `COMMON_CODE_DESC`, `COMMON_CODE_VAL`, `COMMON_CODE_VAL_DESC`, `CREATE_ID`, `CREATE_DATE`)
VALUES('CAMPAIGN_STATUS','CONGRATS', 9,'CONGRATS CARD 진입','CONGRATS CARD 진입','CONGRATS' ,'CONGRATS CARD 진입','opr', DATE_FORMAT(NOW(),'%Y%m%d%H%i%s'));
INSERT INTO `moment`.`tb_mmt_common_code` (`GRP_CODE`, `COMMON_CODE`, `SEQ`, `COMMON_CODE_NAME`, `COMMON_CODE_DESC`, `COMMON_CODE_VAL`, `COMMON_CODE_VAL_DESC`, `CREATE_ID`, `CREATE_DATE`)
VALUES('CAMPAIGN_STATUS','COUPON', 10,'COUPON CARD 진입','COUPON CARD 진입','COUPON' ,'COUPON CARD 진입','opr', DATE_FORMAT(NOW(),'%Y%m%d%H%i%s'));
INSERT INTO `moment`.`tb_mmt_common_code` (`GRP_CODE`, `COMMON_CODE`, `SEQ`, `COMMON_CODE_NAME`, `COMMON_CODE_DESC`, `COMMON_CODE_VAL`, `COMMON_CODE_VAL_DESC`, `CREATE_ID`, `CREATE_DATE`)
VALUES('CAMPAIGN_STATUS','OWNED', 11,'OWNED 진입','쿠폰 발급','OWNED' ,'OWNED 진입','opr', DATE_FORMAT(NOW(),'%Y%m%d%H%i%s'));
INSERT INTO `moment`.`tb_mmt_common_code` (`GRP_CODE`, `COMMON_CODE`, `SEQ`, `COMMON_CODE_NAME`, `COMMON_CODE_DESC`, `COMMON_CODE_VAL`, `COMMON_CODE_VAL_DESC`, `CREATE_ID`, `CREATE_DATE`)
VALUES('CAMPAIGN_STATUS','DOWNLOADED', 12,'DOWNLOADED 진입','쿠폰 다운로드','DOWNLOADED' ,'DOWNLOADED 진입','opr', DATE_FORMAT(NOW(),'%Y%m%d%H%i%s'));
INSERT INTO `moment`.`tb_mmt_common_code` (`GRP_CODE`, `COMMON_CODE`, `SEQ`, `COMMON_CODE_NAME`, `COMMON_CODE_DESC`, `COMMON_CODE_VAL`, `COMMON_CODE_VAL_DESC`, `CREATE_ID`, `CREATE_DATE`)
VALUES('CAMPAIGN_STATUS','CLOSE', 13,'CLOSE','CLOSE 버튼 클릭','CLOSE 버튼 클릭' ,'CLOSE 버튼 클릭','opr', DATE_FORMAT(NOW(),'%Y%m%d%H%i%s'));
INSERT INTO `moment`.`tb_mmt_common_code` (`GRP_CODE`, `COMMON_CODE`, `SEQ`, `COMMON_CODE_NAME`, `COMMON_CODE_DESC`, `COMMON_CODE_VAL`, `COMMON_CODE_VAL_DESC`, `CREATE_ID`, `CREATE_DATE`)
VALUES('CAMPAIGN_STATUS','DEEP', 14,'DEEP','CALLER APP 진입','DEEP LINK 진입' ,'DEEP LINK 진입','opr', DATE_FORMAT(NOW(),'%Y%m%d%H%i%s'));

INSERT INTO TB_MMT_PLACE (PLACE_NAME, LATITUDE, LONGITUDE, ROUND) VALUES ('서울', 37.5581601, 126.9878334, 250000);

INSERT INTO `moment`.`tb_mmt_grp_code` (`GRP_CODE`, `GRP_CODE_NAME`, `GRP_CODE_DESC`, `STATUS_CODE`, `CREATE_ID`, `CREATE_DATE`) VALUES ('APP_CODE', '앱코드', '헤임달에서 제공하는 앱 코드', 'USE_Y', 'opr', DATE_FORMAT(NOW(),'%Y%m%d%H%i%s'));
INSERT INTO `moment`.`tb_mmt_common_code` (`GRP_CODE`, `COMMON_CODE`, `SEQ`, `COMMON_CODE_NAME`, `COMMON_CODE_DESC`, `COMMON_CODE_VAL`, `COMMON_CODE_VAL_DESC`, `CREATE_ID`, `CREATE_DATE`) VALUES ('APP_CODE', 'TMAP', 1, 'TMAP', 'T-Map', 'T Map의 앱 코드', null, 'opr', DATE_FORMAT(NOW(),'%Y%m%d%H%i%s'));

INSERT INTO `moment`.`tb_mmt_grp_code` (`GRP_CODE`, `GRP_CODE_NAME`, `GRP_CODE_DESC`, `STATUS_CODE`, `CREATE_ID`, `CREATE_DATE`) VALUES ('ON_OFF', 'On/Off', '모멘트 ON/OFF에 사용 되는 On/Off 코드', 'USE_Y', 'opr', DATE_FORMAT(NOW(),'%Y%m%d%H%i%s'));
INSERT INTO `moment`.`tb_mmt_common_code` (`GRP_CODE`, `COMMON_CODE`, `SEQ`, `COMMON_CODE_NAME`, `COMMON_CODE_DESC`, `COMMON_CODE_VAL`, `COMMON_CODE_VAL_DESC`, `CREATE_ID`, `CREATE_DATE`) VALUES ('ON_OFF', 'ON', 1, 'ON', 'On', '모멘트 ON', null, 'opr', DATE_FORMAT(NOW(),'%Y%m%d%H%i%s'));
INSERT INTO `moment`.`tb_mmt_common_code` (`GRP_CODE`, `COMMON_CODE`, `SEQ`, `COMMON_CODE_NAME`, `COMMON_CODE_DESC`, `COMMON_CODE_VAL`, `COMMON_CODE_VAL_DESC`, `CREATE_ID`, `CREATE_DATE`) VALUES ('ON_OFF', 'OFF', 2, 'OFF', 'Off', '모멘트 OFF', null, 'opr', DATE_FORMAT(NOW(),'%Y%m%d%H%i%s'));

INSERT INTO `moment`.`tb_mmt_grp_code` (`GRP_CODE`, `GRP_CODE_NAME`, `GRP_CODE_DESC`, `STATUS_CODE`, `CREATE_ID`, `CREATE_DATE`) VALUES ('DP_LOCATION_CODE', '모멘트 출력 위치', '모멘트가 발생하여 출력 될 때의 위치 구분 코드', 'USE_Y', 'opr', DATE_FORMAT(NOW(),'%Y%m%d%H%i%s'));
INSERT INTO `moment`.`tb_mmt_common_code` (`GRP_CODE`, `COMMON_CODE`, `SEQ`, `COMMON_CODE_NAME`, `COMMON_CODE_DESC`, `COMMON_CODE_VAL`, `COMMON_CODE_VAL_DESC`, `CREATE_ID`, `CREATE_DATE`) VALUES ('DP_LOCATION_CODE', 'T', 1, '상단', 'T', '상단', null, 'opr', DATE_FORMAT(NOW(),'%Y%m%d%H%i%s'));
INSERT INTO `moment`.`tb_mmt_common_code` (`GRP_CODE`, `COMMON_CODE`, `SEQ`, `COMMON_CODE_NAME`, `COMMON_CODE_DESC`, `COMMON_CODE_VAL`, `COMMON_CODE_VAL_DESC`, `CREATE_ID`, `CREATE_DATE`) VALUES ('DP_LOCATION_CODE', 'B', 2, '하단', 'B', '하단', null, 'opr', DATE_FORMAT(NOW(),'%Y%m%d%H%i%s'));
INSERT INTO `moment`.`tb_mmt_common_code` (`GRP_CODE`, `COMMON_CODE`, `SEQ`, `COMMON_CODE_NAME`, `COMMON_CODE_DESC`, `COMMON_CODE_VAL`, `COMMON_CODE_VAL_DESC`, `CREATE_ID`, `CREATE_DATE`) VALUES ('DP_LOCATION_CODE', 'L', 3, '좌측', 'L', '좌측', null, 'opr', DATE_FORMAT(NOW(),'%Y%m%d%H%i%s'));
INSERT INTO `moment`.`tb_mmt_common_code` (`GRP_CODE`, `COMMON_CODE`, `SEQ`, `COMMON_CODE_NAME`, `COMMON_CODE_DESC`, `COMMON_CODE_VAL`, `COMMON_CODE_VAL_DESC`, `CREATE_ID`, `CREATE_DATE`) VALUES ('DP_LOCATION_CODE', 'R', 4, '우측', 'R', '우측', null, 'opr', DATE_FORMAT(NOW(),'%Y%m%d%H%i%s'));

INSERT INTO `moment`.`tb_mmt_grp_code` (`GRP_CODE`, `GRP_CODE_NAME`, `GRP_CODE_DESC`, `STATUS_CODE`, `CREATE_ID`, `CREATE_DATE`) VALUES ('ON_OFF_CATEGORY', 'On/Off 검색 구분', 'On/Off Dashboard에서 사용하는 검색 구분 코드', 'USE_Y', 'opr', DATE_FORMAT(NOW(),'%Y%m%d%H%i%s'));
INSERT INTO `moment`.`tb_mmt_common_code` (`GRP_CODE`, `COMMON_CODE`, `SEQ`, `COMMON_CODE_NAME`, `COMMON_CODE_DESC`, `COMMON_CODE_VAL`, `COMMON_CODE_VAL_DESC`, `CREATE_ID`, `CREATE_DATE`) VALUES ('ON_OFF_CATEGORY', 'campaign', 1, '캠페인', '캠페인', 'campaign', null, 'opr', DATE_FORMAT(NOW(),'%Y%m%d%H%i%s'));
INSERT INTO `moment`.`tb_mmt_common_code` (`GRP_CODE`, `COMMON_CODE`, `SEQ`, `COMMON_CODE_NAME`, `COMMON_CODE_DESC`, `COMMON_CODE_VAL`, `COMMON_CODE_VAL_DESC`, `CREATE_ID`, `CREATE_DATE`) VALUES ('ON_OFF_CATEGORY', 'pkg', 2, 'Moments Pack', '패키지', 'pkg', null, 'opr', DATE_FORMAT(NOW(),'%Y%m%d%H%i%s'));